config,trace,ipc,l1d_load_access,l1d_load_miss,l1d_load_mpki,l1d_pf_issued,l1d_pf_useful,l1d_pf_useless,l1d_pf_accuracy,l2c_load_mpki,l2c_data_load_mpki,l2c_instr_load_mpki,speedup,coverage
baseline,Trace1-001,0.2323,4276257.0000,266956.0000,10.6782,0.0000,0.0000,0.0000,,17.7509,7.3479,10.4030,1.0000,0.0000
baseline,Trace2-002,0.2506,4311830.0000,338408.0000,13.5363,0.0000,0.0000,0.0000,,28.2286,8.6988,19.5298,1.0000,0.0000
baseline,Trace3-001,0.3820,5092445.0000,85081.0000,3.4032,0.0000,0.0000,0.0000,,3.9592,2.8360,1.1232,1.0000,0.0000
ipstride,Trace1-001,0.2333,4285634.0000,252932.0000,10.1173,298848.0000,16408.0000,8834.0000,53.0043,17.2249,6.8316,10.3934,1.0045,5.2533
ipstride,Trace2-002,0.2505,4314376.0000,335946.0000,13.4378,151637.0000,4361.0000,6300.0000,38.1673,28.3214,8.6136,19.7078,0.9995,0.7275
ipstride,Trace3-001,0.3829,5093774.0000,82971.0000,3.3188,200633.0000,2713.0000,10595.0000,15.9523,3.7741,2.6334,1.1406,1.0023,2.4800
spp,Trace1-001,0.2333,4285072.0000,252471.0000,10.0988,136706.0000,16649.0000,7538.0000,56.9957,17.1936,6.8058,10.3878,1.0042,5.4260
spp,Trace2-002,0.2506,4314606.0000,336075.0000,13.4430,84902.0000,3845.0000,3788.0000,46.5553,28.2991,8.6191,19.6800,0.9997,0.6894
spp,Trace3-001,0.3835,5094290.0000,81433.0000,3.2573,104800.0000,4127.0000,8027.0000,26.1087,3.7096,2.5715,1.1382,1.0038,4.2877
